Workbook

Sheet DADOS
A2: RESPONSÁVEL | B2: LOCAL | C2: ALTURA DE MANUSEIO TRABALHO Hpp (m) | D2: LARGURA L (m) | E2: COMPRIMENTO C (m) | F2: ÁREA (m²) | G2: PERÍMETRO (m) | H2: TETO | I2: PAREDE | J2: PISO | K2: ALTURA TOTAL/PÉ-DIREITO Htp (m)
A3: DANTE | B3: SALA DE CALDEIRAS | C3: 0.8 | D3: 15.92 | E3: 9.6 | F3: =E3*D3 -> 152.832 | G3: =(2*E3)+(2*D3) -> 51.04 | H3: ZINCO | I3: CLARA | J3: CONCRETO | K3: 7
A4: DANTE | B4: COMPRESSOR (BOMBAS E PRENSA) | C4: 0.8 | D4: 9.28 | E4: 9.6 | F4: =E4*D4 -> 89.088 | G4: =(2*E4)+(2*D4) -> 37.76 | H4: ZINCO | I4: CLARA | J4: CONCRETO | K4: 7
A5: DANTE | B5: DEPÓSITO DE CARCAÇAS 1 | C5: 0.8 | D5: 8.12 | E5: 6 | F5: =E5*D5 -> 48.72 | G5: =2*E5+2*D5 -> 28.24 | H5: ZINCO | I5: CLARA | J5: CONCRETO | K5: 7
A6: DANTE | B6: DEPÓSITO DE CARCAÇAS 2 | C6: 0.8 | D6: 11.18 | E6: 9.6 | F6: =E6*D6 -> 107.328 | G6: =2*E6+2*D6 -> 41.56 | H6: ZINCO | I6: CLARA | J6: CONCRETO | K6: 7
A7: DANTE | B7: RASPA | C7: 0.8 | D7: 8.12 | E7: 30.92 | F7: =E7*D7 -> 251.0704 | G7: =(2*E7)+(2*D7) -> 78.08 | H7: ZINCO | I7: CLARA | J7: CONCRETO | K7: 7
A8: PIETRO | B8: RECAPAGEM 1 | C8: 0.8 | D8: 5 | E8: 30.9 | F8: =E8*D8 -> 154.5 | G8: =(2*E8)+(2*D8) -> 71.8 | H8: ZINCO | I8: CLARA | J8: CONCRETO | K8: 7
A9: PIETRO | B9: RECAPAGEM 2 | C9: 0.8 | D9: 5.23 | E9: 39.25 | F9: =E9*D9 -> 205.2775 | G9: =(2*E9)+(2*D9) -> 88.96 | H9: ZINCO | I9: CLARA | J9: CONCRETO | K9: 7
A10: PIETRO | B10: RECAPAGEM 3 | C10: 0.8 | D10: 27.95 | E10: 43.37 | F10: =E10*D10 -> 1212.1915 | G10: =(2*E10)+(2*D10) -> 142.64 | H10: ZINCO | I10: CLARA | J10: CONCRETO | K10: 7
A11: LUCAS | B11: SAIDA DE PRODUTOS (SALA DE PRODUTOS) | C11: 0.8 | D11: 5 | E11: 6 | F11: =E11*D11 -> 30 | G11: =(2*E11)+(2*D11) -> 22 | H11: CLARO | I11: CLARA | J11: AZULEJO CINZA | K11: 3
A12: LUCAS | B12: CONTROLE DE QUALIDADE | C12: 0.8 | D12: 5 | E12: 6 | F12: =E12*D12 -> 30 | G12: =(2*E12)+(2*D12) -> 22 | H12: BRANCO | I12: BRANCA | J12: AZULEJO CINZA | K12: 3
A13: LUCAS | B13: BANHEIRO(VESTUARIO) | C13: 0.8 | D13: 5.23 | E13: 3.5 | F13: =E13*D13 -> 18.305 | G13: =(2*E13)+(2*D13) -> 17.46 | H13: CLARO | I13: CLARA | J13: AZULEJO CINZA | K13: 3
A14: LUCAS | B14: ESCRITÓRIO | C14: 0.8 | D14: 8.12 | E14: 6 | F14: =E14*D14 -> 48.72 | G14: =(2*E14)+(2*D14) -> 28.24 | H14: BRANCO | I14: BEGE | J14: AZULEJO CINZA | K14: 3
A15: JOÃO | B15: SUBESTAÇÃO | C15: 0.8 | D15: 9.6 | E15: 9.8 | F15: =D15*E15 -> 94.08 | G15: =(2*D15)+(2*E15) -> 38.8 | H15: BRANCO | I15: BRANCA | J15: CONCRETO | K15: 7

Sheet LUM-SALA CALD
A1: DADOS DO LOCAL
A2: LOCAL | B2: LARGURA L (m) | C2: COMPRIMENTO C (m) | D2: ALTURA DE MANUSEIO TRABALHO Hpp (m) | E2: ALTURA TOTAL/PÉ-DIREITO Htp (m) | F2: ALTURA UTIL/ ALTURA DE TRABALHO Hlp (m) | G2: TETO | H2: PAREDE | I2: PISO | J2: LAMPADA UTILIZADA
A3: SALA DE CALDEIRA | B3: =DADOS!D3 -> 15.92 | C3: =DADOS!E3 -> 9.6 | D3: =DADOS!C3 -> 0.8 | E3: =DADOS!K3 -> 7 | F3: =E3-D3 -> 6.2 | G3: =DADOS!H3 -> ZINCO | H3: =DADOS!I3 -> CLARA | I3: =DADOS!J3 -> CONCRETO | J3: VAPOR DE METAL
A6: MÉTODO LUMENS
A10: ILUMINAMENTO
A13: CARACTERÍSTICAS DA TAREFA E DO OBSERVADOR ADOTADOS
A14: IDADE | B14: 41
A15: VELOCIDADE E PRECISÃO | B15: IMPORTANTE
A16: REFLETANCIA NO FUNDO DA TAREFA | B16: 0.4
A17: CALCULO DE PESO | B17: 0
A21: FAIXAS, ILUMINANCIAS E TIPO DE ATIVIDADE ADOTADOS
A22: ADOTADA A FAIXA B | B22: TAREFAS COM REQUISITOS VISUAIS LIMITADOS...
A23: ILUMINÂNCIAS (LUX) | B23: 300
A26: ILUMINÂNCIA MINIMA EM LUX, POR TIPO DE ATIVIDADE ADOTADO
A27: TIPO DE AMBIENTE | B27: LUX
A28: INDÚSTRIA QUIMICA
A29: FORNOS, SECADORES | B29: 200
A31: ADOTADO NO FINAL O MAIOR VALOR QUE É 300 lx
A33: ILUMINÂNCIAS (LUX) | B33: 300
A71: LUMINÁRIA ADOTADA
A73: SALA DE CALDEIRAS POSSUEM ELEVADO PÉ-DIREITO, LUMINÁRIA ADEQUADA PARA ESSE AMBIENTE SÃO TIPO REFLETOR INDUSTRIAL ESTILO CUPULA
A75: DADOS LUMINÁRIA
A76: MODELO | B76: HDK 472+GDK 474 PG
A77: FABRICANTE | B77: Philips
A88: LAMPADA E REATOR ADOTADOS
A89: Podendo ser adotados lampadas de até 400 W, conforme a luminária adotada
A91: DADOS DA LAMPADA
A92: MODELO | B92: MASTER HPI-T Plus 400W/645 E40 1SL/12
A93: FABRICANTE | B93: Philips
A94: TIPO DE LAMPADA | B94: VAPOR METALICO
A95: POTÊNCIA (W) | B95: 400
A96: FLUXO LUMINOSO (lumens) | B96: 33200
A97: NUMERO DE LAMPADAS POR LUMINARIA | B97: 1
A100: DADOS DO REATOR
A101: MODELO | B101: BHLE 400L 200TS
A102: FABRICANTE | B102: Philips
A103: PERDAS (W) | B103: 27.5
A104: FATOR DE POTENCIA | B104: 0.85
A106: De forma a calcular o fluxo luminoso se deve calcular o FATOR DE UTILIZAÇÃO e FATOR DE DEPRECIAÇÃO
A108: FATOR DE UTILIZAÇÃO Fu
A109: DEVE-SE SEGUIR A FORMULA ABAIXO
A112: K | B112: =(C3*B3)/(F3*(C3+B3)) -> 0.96592173
A115: VERIFICA NO LIVRO DO MAMEDE AS REFLETANCIAS
A117: POR MEIO DO VALOR DE K, USA A TABELA PARA ACHAR CONHECENDO AS REFLENTACIAS MÉDIAS DO TETO Pte, DAs PAREDES Ppa, do PISO Ppi, VAI NA TABELA E PEGA OS VALORES
A119: TETO | B119: =G3 -> ZINCO
A120: PAREDE | B120: =H3 -> CLARA
A121: PISO | B121: =I3 -> CONCRETO
A122: Pte | B122: 0.5
A123: Ppa | B123: 0.5
A124: Ppi | B124: 0.1
A125: Fu | B125: 0.61
A146: FATOR DE DEPRECIAÇÃO Fdl
A148: PRECISA VERIFICAR A CATEGORIA DA MANUTENÇÃO, CONSIDERA UM AMBIENTE SUJO
A150: CATEGORIA DE MANUTENÇÃO LUMINÁRIAS | B150: I
A151: CATEGORIA DO LOCAL | B151: SUJO
A152: VIDA MÉDIA LAMPADAS (h) | B152: 24000
A153: TEMPO DE MANUTENÇÃO (meses) | B153: =(B152/2)/(14*30) -> 28.571429
A154: Precisa calcular o tempo de manutenção das lampadas considera metade do tempo de vida média, 14 horas ligadas e por 30 dias
A156: A PARTIR DO TEMPO DE MANUTENÇÃO SE USA O GRAFICO DE CATEGORIA I, com S de sujo
A174: FATOR DE DEPRECIAÇÃO Fdl | B174: 0.76
A201: FLUXO TOTAL LUMINOSO
A202: Wt (lm) | B202: =(B23*(B3*C3))/(B125*B174) -> 98899.051
A215: NUMERO DE LUMINARIAS
A217: Nlu | B217: =B202/(B97*B96) -> 2.9788871
A218: Sempre arredonda Nlu para valor inteiro e acima
A219: Nlu>= | B219: 3
A220: Nlu>= | B220: 4
A221: MELHOR ADOTAR O VALOR DE NLU DE 4 PARA MELHOR DISTRIBUIÇÃO
C244: Usa o valor de catalogo de rendimento luminoso
A246: DISTRIBUIÇÃO/DISPOSIÇÃO DE LUMINÁRIAS
A248: ADOTA O NUMERO DE LUMINARIAS CALCULADO ANTERIORMENTE, POR SER UM NUMERO IMPAR 3, PODE ADOTAR UM NUMERO PAR COMO 4 PARA MELHOR DISTRIBUIÇÃO
A250: POSICIONAR NO ESPAÇO ESSAS 4 LUMINARIAS
A252: LUMINARIAS POSICIONADAS EIXO X | B252: 1
A253: LUMINARIAS POSICIONADAS EIXO Y | B253: 4
A256: COMPRIMENTO DO COMODO | B256: 9.6 | C256: Verificação
A257: LARGURA DO COMODO | B257: 15.92
A258: X1 | B258: =C3/B252 -> 9.6 | C258: =IF(B258<=$B$260,"CERTO","CORRIGIR") -> CORRIGIR
A259: Y1 | B259: =B3/B253 -> 3.98 | C259: =IF(B259<=$B$260,"CERTO","CORRIGIR") -> CERTO
A260: 1,5xHpl | B260: =1.5*F3 -> 9.3
A261: ARRUMAR O X1 | B261: =C3/2 -> 4.8 | C261: =IF(B261<=$B$260,"CERTO","CORRIGIR") -> CERTO
A267: DISTANCIA ENTRE LUMINARIAS E EIXO X, X | B267: =B261 -> 4.8 | C267: NÃO TEM LUMINARIA AO LADO, PEGA O VALOR DE X1
A268: DISTANCIA ENTRE LUMINARIAS EIXO X, X1 | B268: =B267 -> 4.8
A269: DISTANCIA ENTRE LUMINARIAS EIXO Y, Y | B269: =B259 -> 3.98 | C269: A DISTANCIA DE Y1 É MUITA COISA, USA COMO Y
A270: DISTANCIA ENTRE LUMINARIAS E EIXO Y, Y1 | B270: =B259/2 -> 1.99 | C270: por ter duas bordas de eixo Y entre luminarias pode dividir por 2
C272: Verificação
A273: DISTANCIA ENTRE LUMINARIAS EIXO X, X | B273: =B267 -> 4.8 | C273: =IF(B273<=$B$260,"CERTO","CORRIGIR") -> CERTO
A274: DISTANCIA ENTRE LUMINARIAS E EIXO X, X1 | B274: =B268 -> 4.8 | C274: =IF(B274<=$B$260,"CERTO","CORRIGIR") -> CERTO
A275: DISTANCIA ENTRE LUMINARIAS EIXO Y, Y | B275: =B269 -> 3.98 | C275: =IF(B275<=$B$260,"CERTO","CORRIGIR") -> CERTO
A276: DISTANCIA ENTRE LUMINARIAS E EIXO Y, Y1 | B276: =B270 -> 1.99 | C276: =IF(B276<=$B$260,"CERTO","CORRIGIR") -> CERTO
A284: POTENCIA PONTO DE ILUMINAÇÃO
A286: TENSÃO DE ALIMENTAÇÃO (V) | B286: 220
A287: POTENCIA TOTAL DE ILUMINAÇÃO (VA) | B287: =((B97)*B95)+B103/B104 -> 432.35294
A288: POTÊNCIA ADOTADO DO PONTO (VA) | B288: 440 | C288: ADOTADO VALOR DE 440 VA PARA TER MAIS MARGEM DE SEGURANÇA
A289: POTENCIA DE ARRANJO (VA) | B289: =B288*B220 -> 1760
A290: CORRENTE DE PROJETO (A) | B290: =B289/B286 -> 8

Sheet LUM-COM(B,P)
A1: DADOS DO LOCAL
A2: LOCAL | B2: LARGURA L (m) | C2: COMPRIMENTO C (m) | D2: ALTURA DE MANUSEIO TRABALHO Hpp (m) | E2: ALTURA TOTAL/PÉ-DIREITO Htp (m) | F2: ALTURA UTIL/ ALTURA DE TRABALHO Hlp (m) | G2: TETO | H2: PAREDE | I2: PISO | J2: LAMPADA UTILIZADA
A3: COMPRESSOR (BOMBAS E PRENSA) | B3: =DADOS!D4 -> 9.28 | C3: =DADOS!E4 -> 9.6 | D3: =DADOS!C4 -> 0.8 | E3: =DADOS!K4 -> 7 | F3: =E3-D3 -> 6.2 | G3: =DADOS!H4 -> ZINCO | H3: =DADOS!I4 -> CLARA | I3: =DADOS!J4 -> CONCRETO | J3: VAPOR DE METAL
A6: MÉTODO LUMENS
A10: ILUMINAMENTO
A13: CARACTERÍSTICAS DA TAREFA E DO OBSERVADOR ADOTADOS
A14: IDADE | B14: 41
A15: VELOCIDADE E PRECISÃO | B15: IMPORTANTE
A16: REFLETANCIA NO FUNDO DA TAREFA | B16: 0.4
A17: CALCULO DE PESO | B17: 0
A21: FAIXAS, ILUMINANCIAS E TIPO DE ATIVIDADE ADOTADOS
A22: ADOTADA A FAIXA B | B22: TAREFAS COM REQUISITOS VISUAIS NORMAIS...
A23: ILUMINÂNCIAS (LUX) | B23: 750
A71: LUMINÁRIA ADOTADA
A73: COMPRESSOR(B,P) POSSUEM ELEVADO PÉ-DIREITO, LUMINÁRIA ADEQUADA PARA ESSE AMBIENTE SÃO TIPO REFLETOR INDUSTRIAL ESTILO CUPULA
A75: DADOS LUMINÁRIA
A76: MODELO | B76: HDK 472+GDK 474 PG
A77: FABRICANTE | B77: Philips
A88: LAMPADA E REATOR ADOTADOS
A89: Podendo ser adotados lampadas de até 400 W, conforme a luminária adotada
A91: DADOS DA LAMPADA
A92: MODELO | B92: MASTER HPI-T Plus 400W/645 E40 1SL/12
A93: FABRICANTE | B93: Philips
A94: TIPO DE LAMPADA | B94: VAPOR METALICO
A95: POTÊNCIA (W) | B95: 400
A96: FLUXO LUMINOSO (lumens) | B96: 33200
A97: NUMERO DE LAMPADAS POR LUMINARIA | B97: 1
A100: DADOS DO REATOR
A101: MODELO | B101: BHLE 400L 200TS
A102: FABRICANTE | B102: Philips
A103: PERDAS (W) | B103: 27.5
A104: FATOR DE POTENCIA | B104: 0.85
A106: De forma a calcular o fluxo luminoso se deve calcular o FATOR DE UTILIZAÇÃO e FATOR DE DEPRECIAÇÃO
A108: FATOR DE UTILIZAÇÃO Fu
A109: DEVE-SE SEGUIR A FORMULA ABAIXO
A112: K | B112: =(C3*B3)/(F3*(C3+B3)) -> 0.76107162
A115: VERIFICA NO LIVRO DO MAMEDE AS REFLETANCIAS
A117: POR MEIO DO VALOR DE K, USA A TABELA PARA ACHAR CONHECENDO AS REFLENTACIAS MÉDIAS DO TETO Pte, DAs PAREDES Ppa, do PISO Ppi, VAI NA TABELA E PEGA OS VALORES
A119: TETO | B119: =G3 -> ZINCO
A120: PAREDE | B120: =H3 -> CLARA
A121: PISO | B121: =I3 -> CONCRETO
A122: Pte | B122: 0.5
A123: Ppa | B123: 0.5
A124: Ppi | B124: 0.1
A125: Fu | B125: 0.56
A146: FATOR DE DEPRECIAÇÃO Fdl
A148: PRECISA VERIFICAR A CATEGORIA DA MANUTENÇÃO, CONSIDERA UM AMBIENTE SUJO
A150: CATEGORIA DE MANUTENÇÃO LUMINÁRIAS | B150: I
A151: CATEGORIA DO LOCAL | B151: SUJO
A152: VIDA MÉDIA LAMPADAS (h) | B152: 24000
A153: TEMPO DE MANUTENÇÃO (meses) | B153: =(B152/2)/(14*30) -> 28.571429
A154: Precisa calcular o tempo de manutenção das lampadas considera metade do tempo de vida média, 14 horas ligadas e por 30 dias
A156: A PARTIR DO TEMPO DE MANUTENÇÃO SE USA O GRAFICO DE CATEGORIA I, com S de sujo
A174: FATOR DE DEPRECIAÇÃO Fdl | B174: 0.76
A201: FLUXO TOTAL LUMINOSO
A202: Wt (lm) | B202: =(B23*(B3*C3))/(B125*B174) -> 156992.48
A215: NUMERO DE LUMINARIAS
A217: Nlu | B217: =B202/(B97*B96) -> 4.7286892
A218: Sempre arredonda Nlu para valor inteiro e acima
A219: Nlu>= | B219: 5
A220: Nlu>= | B220: 6
A221: MELHOR ADOTAR O VALOR DE NLU DE 6 PARA MELHOR DISTRIBUIÇÃO
C244: Usa o valor de catalogo de rendimento luminoso
A246: DISTRIBUIÇÃO/DISPOSIÇÃO DE LUMINÁRIAS
A250: POSICIONAR NO ESPAÇO ESSAS 6 LUMINARIAS
A252: LUMINARIAS POSICIONADAS EIXO X | B252: 2
A253: LUMINARIAS POSICIONADAS EIXO Y | B253: 3
C255: Verificação
A256: COMPRIMENTO DO COMODO | B256: 9.6
A257: LARGURA DO COMODO | B257: 9.28
A258: X1 | B258: =C3/B252 -> 4.8 | C258: =IF(B258<=$B$260,"CERTO","CORRIGIR") -> CERTO
A259: Y1 | B259: =B3/B253 -> 3.0933333 | C259: =IF(B259<=$B$260,"CERTO","CORRIGIR") -> CERTO
A260: 1,5xHpl | B260: =1.5*F3 -> 9.3
A267: DISTANCIA ENTRE LUMINARIAS EIXO X, X | B267: 4.8 | C267: A DISTANCIA DE X1 É MUITA COISA, USA COMO X
A268: DISTANCIA ENTRE LUMINARIAS E EIXO X, X1 | B268: =B267/2 -> 2.4
A269: DISTANCIA ENTRE LUMINARIAS EIXO Y, Y | B269: =B259 -> 3.0933333 | C269: A DISTANCIA DE Y1 É MUITA COISA, USA COMO Y
A270: DISTANCIA ENTRE LUMINARIAS E EIXO Y, Y1 | B270: =B259/2 -> 1.5466667 | C270: por ter duas bordas de eixo Y entre luminarias pode dividir por 2
C273: Verificação
A274: DISTANCIA ENTRE LUMINARIAS EIXO X, X | B274: =B267 -> 4.8 | C274: =IF(B274<=$B$260,"CERTO","CORRIGIR") -> CERTO
A275: DISTANCIA ENTRE LUMINARIAS E EIXO X, X1 | B275: =B268 -> 2.4 | C275: =IF(B275<=$B$260,"CERTO","CORRIGIR") -> CERTO
A276: DISTANCIA ENTRE LUMINARIAS EIXO Y, Y | B276: =B269 -> 3.0933333 | C276: =IF(B276<=$B$260,"CERTO","CORRIGIR") -> CERTO
A277: DISTANCIA ENTRE LUMINARIAS E EIXO Y, Y1 | B277: =B270 -> 1.5466667 | C277: =IF(B277<=$B$260,"CERTO","CORRIGIR") -> CERTO
A284: POTENCIA PONTO DE ILUMINAÇÃO
A286: TENSÃO DE ALIMENTAÇÃO (V) | B286: 220
A287: POTENCIA TOTAL DE ILUMINAÇÃO (VA) | B287: =((B97)*B95)+B103/B104 -> 432.35294
A288: POTÊNCIA ADOTADO DO PONTO (VA) | B288: 440 | C288: ADOTADO VALOR DE 440 VA PARA TER MAIS MARGEM DE SEGURANÇA
A289: POTENCIA DE ARRANJO (VA) | B289: =B288*B220 -> 2640
A290: CORRENTE DE PROJETO (A) | B290: =B289/B286 -> 12

Sheet LUM-DEP CAR1
A1: DADOS DO LOCAL
A2: LOCAL | B2: LARGURA L (m) | C2: COMPRIMENTO C (m) | D2: ALTURA DE MANUSEIO TRABALHO Hpp (m) | E2: ALTURA TOTAL/PÉ-DIREITO Htp (m) | F2: ALTURA UTIL/ ALTURA DE TRABALHO Hlp (m) | G2: TETO | H2: PAREDE | I2: PISO | J2: LAMPADA UTILIZADA
A3: DEPÓSITO DE CARCAÇAS 1 | B3: =DADOS!D5 -> 8.12 | C3: =DADOS!E5 -> 6 | D3: =DADOS!C5 -> 0.8 | E3: =DADOS!K5 -> 7 | F3: =E3-D3 -> 6.2 | G3: =DADOS!H5 -> ZINCO | H3: =DADOS!I5 -> CLARA | I3: =DADOS!J5 -> CONCRETO | J3: VAPOR DE METAL
A6: MÉTODO LUMENS
A10: ILUMINAMENTO
A13: CARACTERÍSTICAS DA TAREFA E DO OBSERVADOR ADOTADOS
A15: IDADE | B15: 41
A16: VELOCIDADE E PRECISÃO | B16: IMPORTANTE
A17: REFLETANCIA NO FUNDO DA TAREFA | B17: 0.4
A18: CALCULO DE PESO | B18: 0
A21: FAIXAS, ILUMINANCIAS E TIPO DE ATIVIDADE ADOTADOS
A22: ADOTADA A FAIXA B | B22: TAREFAS COM REQUISITOS VISUAIS LIMITADOS...
A23: ILUMINÂNCIAS (LUX) | B23: 300
A26: ILUMINÂNCIA MINIMA EM LUX, POR TIPO DE ATIVIDADE ADOTADO
A27: TIPO DE AMBIENTE | B27: LUX
A28: LOCAIS DE ARMAZENAMENTO
A29: GRANDES VOLUMES | B29: 200
A31: ADOTADO NO FINAL O MAIOR VALOR QUE É 300 lx
A33: ILUMINÂNCIAS (LUX) | B33: 300
A71: LUMINÁRIA ADOTADA
A73: COMPRESSOR(B,P) POSSUEM ELEVADO PÉ-DIREITO, LUMINÁRIA ADEQUADA PARA ESSE AMBIENTE SÃO TIPO REFLETOR INDUSTRIAL ESTILO CUPULA
A75: DADOS LUMINÁRIA
A76: MODELO | B76: HDK 472+GDK 474 PG
A77: FABRICANTE | B77: Philips
A88: LAMPADA E REATOR ADOTADOS
A89: Podendo ser adotados lampadas de até 400 W, conforme a luminária adotada
A91: DADOS DA LAMPADA
A92: MODELO | B92: MASTER HPI-T Plus 400W/645 E40 1SL/12
A93: FABRICANTE | B93: Philips
A94: TIPO DE LAMPADA | B94: VAPOR METALICO
A95: POTÊNCIA (W) | B95: 400
A96: FLUXO LUMINOSO (lumens) | B96: 33200
A97: NUMERO DE LAMPADAS POR LUMINARIA | B97: 1
A100: DADOS DO REATOR
A101: MODELO | B101: BHLE 400L 200TS
A102: FABRICANTE | B102: Philips
A103: PERDAS (W) | B103: 27.5
A104: FATOR DE POTENCIA | B104: 0.85
A106: De forma a calcular o fluxo luminoso se deve calcular o FATOR DE UTILIZAÇÃO e FATOR DE DEPRECIAÇÃO
A108: FATOR DE UTILIZAÇÃO Fu
A109: DEVE-SE SEGUIR A FORMULA ABAIXO
A112: K | B112: =(C3*B3)/(F3*(C3+B3)) -> 0.55652015
A115: VERIFICA NO LIVRO DO MAMEDE AS REFLETANCIAS
A117: POR MEIO DO VALOR DE K, USA A TABELA PARA ACHAR CONHECENDO AS REFLENTACIAS MÉDIAS DO TETO Pte, DAs PAREDES Ppa, do PISO Ppi, VAI NA TABELA E PEGA OS VALORES
A119: TETO | B119: =G3 -> ZINCO
A120: PAREDE | B120: =H3 -> CLARA
A121: PISO | B121: =I3 -> CONCRETO
A122: Pte | B122: 0.7
A123: Ppa | B123: 0.5
A124: Ppi | B124: 0.1
A125: Fu | B125: 0.5
A126: NÃO PRECISA CALCULAR O FATOR DE UTILIZAÇÃO Fu
A146: FATOR DE DEPRECIAÇÃO Fdl
A148: PRECISA VERIFICAR A CATEGORIA DA MANUTENÇÃO, CONSIDERA UM AMBIENTE SUJO
A150: CATEGORIA DE MANUTENÇÃO LUMINÁRIAS | B150: I
A151: CATEGORIA DO LOCAL | B151: SUJO
A152: VIDA MÉDIA LAMPADAS (h) | B152: 24000
A153: TEMPO DE MANUTENÇÃO (meses) | B153: =(B152/2)/(14*30) -> 28.571429
A154: Precisa calcular o tempo de manutenção das lampadas considera metade do tempo de vida média, 14 horas ligadas e por 30 dias
A156: A PARTIR DO TEMPO DE MANUTENÇÃO SE USA O GRAFICO DE CATEGORIA I, com S de sujo
A174: FATOR DE DEPRECIAÇÃO Fdl | B174: 0.76
A201: FLUXO TOTAL LUMINOSO
A202: Wt (lm) | B202: =(B23*(B3*C3))/(B125*B174) -> 38463.158
A215: NUMERO DE LUMINARIAS
A217: Nlu | B217: =B202/(B97*B96) -> 1.1585289
A218: Sempre arredonda Nlu para valor inteiro e acima
A219: Nlu>= | B219: 2
A220: Nlu>= | B220: 2
C244: Usa o valor de catalogo de rendimento luminoso
A246: DISTRIBUIÇÃO/DISPOSIÇÃO DE LUMINÁRIAS
A250: POSICIONAR NO ESPAÇO ESSAS 2 LUMINARIAS
A252: LUMINARIAS POSICIONADAS EIXO X | B252: 1
A253: LUMINARIAS POSICIONADAS EIXO Y | B253: 2
C255: Verificação
A256: COMPRIMENTO DO COMODO | B256: 6
A257: LARGURA DO COMODO | B257: 8.12
A258: X1 | B258: =C3/B252 -> 6 | C258: =IF(B258<=$B$260,"CERTO","CORRIGIR") -> CERTO
A259: Y1 | B259: =B3/B253 -> 4.06 | C259: =IF(B259<=$B$260,"CERTO","CORRIGIR") -> CERTO
A260: 1,5xHpl | B260: =1.5*F3 -> 9.3
A267: DISTANCIA ENTRE LUMINARIAS EIXO X, X | B267: 3 | C267: NÃO TEM LUMINARIA AO LADO, PEGA O VALOR DE X1
A268: DISTANCIA ENTRE LUMINARIAS E EIXO X, X1 | B268: =B258/2 -> 3 | C268: A DISTANCIA DE X1 É MUITA COISA, MESMO NÃO ULTRAPASSANDO O LIMITE, DIVIDE POR 2
A269: DISTANCIA ENTRE LUMINARIAS EIXO Y, Y | B269: =B259 -> 4.06 | C269: A DISTANCIA DE Y1 É MUITA COISA, USA COMO Y
A270: DISTANCIA ENTRE LUMINARIAS E EIXO Y, Y1 | B270: =B259/2 -> 2.03 | C270: por ter duas bordas de eixo Y entre luminarias pode dividir por 2
C272: Verificação
A275: DISTANCIA ENTRE LUMINARIAS EIXO X, X | B275: =B267 -> 3 | C275: =IF(B275<=$B$260,"CERTO","CORRIGIR") -> CERTO
A276: DISTANCIA ENTRE LUMINARIAS E EIXO X, X1 | B276: =B268 -> 3 | C276: =IF(B276<=$B$260,"CERTO","CORRIGIR") -> CERTO
A277: DISTANCIA ENTRE LUMINARIAS EIXO Y, Y | B277: =B269 -> 4.06 | C277: =IF(B277<=$B$260,"CERTO","CORRIGIR") -> CERTO
A278: DISTANCIA ENTRE LUMINARIAS E EIXO Y, Y1 | B278: =B270 -> 2.03 | C278: =IF(B278<=$B$260,"CERTO","CORRIGIR") -> CERTO
A284: POTENCIA PONTO DE ILUMINAÇÃO
A286: TENSÃO DE ALIMENTAÇÃO (V) | B286: 220
A287: POTENCIA TOTAL DE ILUMINAÇÃO (VA) | B287: =((B97)*B95)+B103/B104 -> 432.35294
A288: POTÊNCIA ADOTADO DO PONTO (VA) | B288: 440 | C288: ADOTADO VALOR DE 440 VA PARA TER MAIS MARGEM DE SEGURANÇA
A289: POTENCIA DE ARRANJO (VA) | B289: =B288*B220 -> 880
A290: CORRENTE DE PROJETO (A) | B290: =B289/B286 -> 4

Sheet LUM-DEP CAR2
A1: DADOS DO LOCAL
A2: LOCAL | B2: LARGURA L (m) | C2: COMPRIMENTO C (m) | D2: ALTURA DE MANUSEIO TRABALHO Hpp (m) | E2: ALTURA TOTAL/PÉ-DIREITO Htp (m) | F2: ALTURA UTIL/ ALTURA DE TRABALHO Hlp (m) | G2: TETO | H2: PAREDE | I2: PISO | J2: LAMPADA UTILIZADA
A3: DEPÓSITO DE CARCAÇAS 2 | B3: =DADOS!D6 -> 11.18 | C3: =DADOS!E6 -> 9.6 | D3: =DADOS!C6 -> 0.8 | E3: =DADOS!K6 -> 7 | F3: =E3-D3 -> 6.2 | G3: =DADOS!H6 -> ZINCO | H3: =DADOS!I6 -> CLARA | I3: =DADOS!J6 -> CONCRETO | J3: VAPOR DE METAL
A6: MÉTODO LUMENS
A10: ILUMINAMENTO
A13: CARACTERÍSTICAS DA TAREFA E DO OBSERVADOR ADOTADOS
A15: IDADE | B15: 41
A16: VELOCIDADE E PRECISÃO | B16: IMPORTANTE
A17: REFLETANCIA NO FUNDO DA TAREFA | B17: 0.4
A18: CALCULO DE PESO | B18: 0
A21: FAIXAS, ILUMINANCIAS E TIPO DE ATIVIDADE ADOTADOS
A22: ADOTADA A FAIXA B | B22: TAREFAS COM REQUISITOS VISUAIS LIMITADOS...
A23: ILUMINÂNCIAS (LUX) | B23: 300
A26: ILUMINÂNCIA MINIMA EM LUX, POR TIPO DE ATIVIDADE ADOTADO
A27: TIPO DE AMBIENTE | B27: LUX
A28: LOCAIS DE ARMAZENAMENTO
A29: GRANDES VOLUMES | B29: 200
A31: ADOTADO NO FINAL O MAIOR VALOR QUE É 300 lx
A33: ILUMINÂNCIAS (LUX) | B33: 300
A71: LUMINÁRIA ADOTADA
A73: COMPRESSOR(B,P) POSSUEM ELEVADO PÉ-DIREITO, LUMINÁRIA ADEQUADA PARA ESSE AMBIENTE SÃO TIPO REFLETOR INDUSTRIAL ESTILO CUPULA
A75: DADOS LUMINÁRIA
A76: MODELO | B76: HDK 472+GDK 474 PG
A77: FABRICANTE | B77: Philips
A88: LAMPADA E REATOR ADOTADOS
A89: Podendo ser adotados lampadas de até 400 W, conforme a luminária adotada
A91: DADOS DA LAMPADA
A92: MODELO | B92: MASTER HPI-T Plus 400W/645 E40 1SL/12
A93: FABRICANTE | B93: Philips
A94: TIPO DE LAMPADA | B94: VAPOR METALICO
A95: POTÊNCIA (W) | B95: 400
A96: FLUXO LUMINOSO (lumens) | B96: 33200
A97: NUMERO DE LAMPADAS POR LUMINARIA | B97: 1
A100: DADOS DO REATOR
A101: MODELO | B101: BHLE 400L 200TS
A102: FABRICANTE | B102: Philips
A103: PERDAS (W) | B103: 27.5
A104: FATOR DE POTENCIA | B104: 0.85
A106: De forma a calcular o fluxo luminoso se deve calcular o FATOR DE UTILIZAÇÃO e FATOR DE DEPRECIAÇÃO
A108: FATOR DE UTILIZAÇÃO Fu
A109: DEVE-SE SEGUIR A FORMULA ABAIXO
A112: K | B112: =(C3*B3)/(F3*(C3+B3)) -> 0.83305908
A115: VERIFICA NO LIVRO DO MAMEDE AS REFLETANCIAS
A117: POR MEIO DO VALOR DE K, USA A TABELA PARA ACHAR CONHECENDO AS REFLENTACIAS MÉDIAS DO TETO Pte, DAs PAREDES Ppa, do PISO Ppi, VAI NA TABELA E PEGA OS VALORES
A119: TETO | B119: =G3 -> ZINCO
A120: PAREDE | B120: =H3 -> CLARA
A121: PISO | B121: =I3 -> CONCRETO
A122: Pte | B122: 0.7
A123: Ppa | B123: 0.5
A124: Ppi | B124: 0.1
A125: Fu | B125: 0.58
A146: FATOR DE DEPRECIAÇÃO Fdl
A148: PRECISA VERIFICAR A CATEGORIA DA MANUTENÇÃO, CONSIDERA UM AMBIENTE SUJO
A150: CATEGORIA DE MANUTENÇÃO LUMINÁRIAS | B150: I
A151: CATEGORIA DO LOCAL | B151: SUJO
A152: VIDA MÉDIA LAMPADAS (h) | B152: 24000
A153: TEMPO DE MANUTENÇÃO (meses) | B153: =(B152/2)/(14*30) -> 28.571429
A154: Precisa calcular o tempo de manutenção das lampadas considera metade do tempo de vida média, 14 horas ligadas e por 30 dias
A156: A PARTIR DO TEMPO DE MANUTENÇÃO SE USA O GRAFICO DE CATEGORIA I, com S de sujo
A174: FATOR DE DEPRECIAÇÃO Fdl | B174: 0.76
A201: FLUXO TOTAL LUMINOSO
A202: Wt (lm) | B202: =(B23*(B3*C3))/(B125*B174) -> 73045.372
A215: NUMERO DE LUMINARIAS
A217: Nlu | B217: =B202/(B97*B96) -> 2.2001618
A218: Sempre arredonda Nlu para valor inteiro e acima
A219: Nlu>= | B219: 3
A220: Nlu>= | B220: 4
A221: MELHOR ADOTAR O VALOR DE NLU DE 4 PARA MELHOR DISTRIBUIÇÃO
C244: Usa o valor de catalogo de rendimento luminoso
A246: DISTRIBUIÇÃO/DISPOSIÇÃO DE LUMINÁRIAS
A250: POSICIONAR NO ESPAÇO ESSAS 4 LUMINARIAS
A252: LUMINARIAS POSICIONADAS EIXO X | B252: 2
A253: LUMINARIAS POSICIONADAS EIXO Y | B253: 2
C255: Verificação
A256: COMPRIMENTO DO COMODO | B256: 9.6
A257: LARGURA DO COMODO | B257: 11.18
A258: X1 | B258: =C3/B252 -> 4.8 | C258: =IF(B258<=$B$260,"CERTO","CORRIGIR") -> CERTO
A259: Y1 | B259: =B3/B253 -> 5.59 | C259: =IF(B259<=$B$260,"CERTO","CORRIGIR") -> CERTO
A260: 1,5xHpl | B260: =1.5*F3 -> 9.3
A267: DISTANCIA ENTRE LUMINARIAS EIXO X, X | B267: =B258 -> 4.8 | C267: A DISTANCIA DE X1 É MUITA COISA, USA COMO X
A268: DISTANCIA ENTRE LUMINARIAS E EIXO X, X1 | B268: =B258/2 -> 2.4 | C268: A DISTANCIA DE X1 É MUITA COISA, MESMO NÃO ULTRAPASSANDO O LIMITE, DIVIDE POR 2
A269: DISTANCIA ENTRE LUMINARIAS EIXO Y, Y | B269: =B259 -> 5.59 | C269: A DISTANCIA DE Y1 É MUITA COISA, USA COMO Y
A270: DISTANCIA ENTRE LUMINARIAS E EIXO Y, Y1 | B270: =B259/2 -> 2.795 | C270: por ter duas bordas de eixo Y entre luminarias pode dividir por 2
C272: Verificação
A275: DISTANCIA ENTRE LUMINARIAS EIXO X, X | B275: =B267 -> 4.8 | C275: =IF(B275<=$B$260,"CERTO","CORRIGIR") -> CERTO
A276: DISTANCIA ENTRE LUMINARIAS E EIXO X, X1 | B276: =B268 -> 2.4 | C276: =IF(B276<=$B$260,"CERTO","CORRIGIR") -> CERTO
A277: DISTANCIA ENTRE LUMINARIAS EIXO Y, Y | B277: =B269 -> 5.59 | C277: =IF(B277<=$B$260,"CERTO","CORRIGIR") -> CERTO
A278: DISTANCIA ENTRE LUMINARIAS E EIXO Y, Y1 | B278: =B270 -> 2.795 | C278: =IF(B278<=$B$260,"CERTO","CORRIGIR") -> CERTO
A284: POTENCIA PONTO DE ILUMINAÇÃO
A286: TENSÃO DE ALIMENTAÇÃO (V) | B286: 220
A287: POTENCIA TOTAL DE ILUMINAÇÃO (VA) | B287: =((B97)*B95)+B103/B104 -> 432.35294
A288: POTÊNCIA ADOTADO DO PONTO (VA) | B288: 440 | C288: ADOTADO VALOR DE 440 VA PARA TER MAIS MARGEM DE SEGURANÇA
A289: POTENCIA DE ARRANJO (VA) | B289: =B288*B220 -> 1760
A290: CORRENTE DE PROJETO (A) | B290: =B289/B286 -> 8

Sheet LUM-RASPA
A1: DADOS DO LOCAL
A2: LOCAL | B2: LARGURA L (m) | C2: COMPRIMENTO C (m) | D2: ALTURA DE MANUSEIO TRABALHO Hpp (m) | E2: ALTURA TOTAL/PÉ-DIREITO Htp (m) | F2: ALTURA UTIL/ ALTURA DE TRABALHO Hlp (m) | G2: TETO | H2: PAREDE | I2: PISO | J2: LAMPADA UTILIZADA
A3: RASPA | B3: =DADOS!D7 -> 8.12 | C3: =DADOS!E7 -> 30.92 | D3: =DADOS!C7 -> 0.8 | E3: =DADOS!K7 -> 7 | F3: =E3-D3 -> 6.2 | G3: =DADOS!H7 -> ZINCO | H3: =DADOS!I7 -> CLARA | I3: =DADOS!J7 -> CONCRETO | J3: VAPOR DE METAL
A6: MÉTODO LUMENS
A10: ILUMINAMENTO
A13: CARACTERÍSTICAS DA TAREFA E DO OBSERVADOR ADOTADOS
A14: IDADE | B14: 41
A15: VELOCIDADE E PRECISÃO | B15: IMPORTANTE
A16: REFLETANCIA NO FUNDO DA TAREFA | B16: 0.4
A17: CALCULO DE PESO | B17: 0
A21: FAIXAS, ILUMINANCIAS E TIPO DE ATIVIDADE ADOTADOS
A22: ADOTADA A FAIXA B | B22: TAREFAS COM REQUISITOS VISUAIS NORMAIS...
A23: ILUMINÂNCIAS (LUX) | B23: 750
A33: ILUMINÂNCIAS (LUX) | B33: 750
A71: LUMINÁRIA ADOTADA
A73: SALA DE CALDEIRAS POSSUEM ELEVADO PÉ-DIREITO, LUMINÁRIA ADEQUADA PARA ESSE AMBIENTE SÃO TIPO REFLETOR INDUSTRIAL ESTILO CUPULA
A75: DADOS LUMINÁRIA
A76: MODELO | B76: HDK 472+GDK 474 PG
A77: FABRICANTE | B77: Philips
A88: LAMPADA E REATOR ADOTADOS
A89: Podendo ser adotados lampadas de até 400 W, conforme a luminária adotada
A91: DADOS DA LAMPADA
A92: MODELO | B92: MASTER HPI-T Plus 400W/645 E40 1SL/12
A93: FABRICANTE | B93: Philips
A94: TIPO DE LAMPADA | B94: VAPOR METALICO
A95: POTÊNCIA (W) | B95: 400
A96: FLUXO LUMINOSO (lumens) | B96: 33200
A97: NUMERO DE LAMPADAS POR LUMINARIA | B97: 1
A100: DADOS DO REATOR
A101: MODELO | B101: BHLE 400L 200TS
A102: FABRICANTE | B102: Philips
A103: PERDAS (W) | B103: 27.5
A104: FATOR DE POTENCIA | B104: 0.85
A106: De forma a calcular o fluxo luminoso se deve calcular o FATOR DE UTILIZAÇÃO e FATOR DE DEPRECIAÇÃO
A108: FATOR DE UTILIZAÇÃO Fu
A109: DEVE-SE SEGUIR A FORMULA ABAIXO
A112: K | B112: =(C3*B3)/(F3*(C3+B3)) -> 1.0372753
A115: VERIFICA NO LIVRO DO MAMEDE AS REFLETANCIAS
A117: POR MEIO DO VALOR DE K, USA A TABELA PARA ACHAR CONHECENDO AS REFLENTACIAS MÉDIAS DO TETO Pte, DAs PAREDES Ppa, do PISO Ppi, VAI NA TABELA E PEGA OS VALORES
A119: TETO | B119: =G3 -> ZINCO
A120: PAREDE | B120: =H3 -> CLARA
A121: PISO | B121: =I3 -> CONCRETO
A122: Pte | B122: 0.7
A123: Ppa | B123: 0.5
A124: Ppi | B124: 0.1
A125: Fu | B125: 0.63
A146: FATOR DE DEPRECIAÇÃO Fdl
A148: PRECISA VERIFICAR A CATEGORIA DA MANUTENÇÃO, CONSIDERA UM AMBIENTE SUJO
A150: CATEGORIA DE MANUTENÇÃO LUMINÁRIAS | B150: I
A151: CATEGORIA DO LOCAL | B151: SUJO
A152: VIDA MÉDIA LAMPADAS (h) | B152: 24000
A153: TEMPO DE MANUTENÇÃO (meses) | B153: =(B152/2)/(14*30) -> 28.571429
A154: Precisa calcular o tempo de manutenção das lampadas considera metade do tempo de vida média, 14 horas ligadas e por 30 dias
A156: A PARTIR DO TEMPO DE MANUTENÇÃO SE USA O GRAFICO DE CATEGORIA I, com S de sujo
A174: FATOR DE DEPRECIAÇÃO Fdl | B174: 0.76
A201: FLUXO TOTAL LUMINOSO
A202: Wt (lm) | B202: =(B23*(B3*C3))/(B125*B174) -> 393280.7
A215: NUMERO DE LUMINARIAS
A217: Nlu | B217: =B202/(B97*B96) -> 11.845804
A218: Sempre arredonda Nlu para valor inteiro e acima
A219: Nlu>= | B219: 12
A220: Nlu>= | B220: 12
B223: =389377.17/26000*1 -> 14.976045
C244: Usa o valor de catalogo de rendimento luminoso
A246: DISTRIBUIÇÃO/DISPOSIÇÃO DE LUMINÁRIAS
A250: POSICIONAR NO ESPAÇO ESSAS 12 LUMINARIAS
A252: LUMINARIAS POSICIONADAS EIXO X | B252: 6
A253: LUMINARIAS POSICIONADAS EIXO Y | B253: 2
A256: COMPRIMENTO DO COMODO | B256: 30.92 | C256: Verificação
A257: LARGURA DO COMODO | B257: 8.12
A258: X1 | B258: =C3/B252 -> 5.1533333 | C258: =IF(B258<=$B$260,"CERTO","CORRIGIR") -> CERTO
A259: Y1 | B259: =B3/B253 -> 4.06 | C259: =IF(B259<=$B$260,"CERTO","CORRIGIR") -> CERTO
A260: 1,5xHpl | B260: =1.5*F3 -> 9.3
A261: NÃO PRECISA CORRIGIR NADA | B261: =C3/2 -> 15.46 | C261: =IF(B261<=$B$260,"CERTO","CORRIGIR") -> CORRIGIR
A267: DISTANCIA ENTRE LUMINARIAS E EIXO X, X | B267: =B258 -> 5.1533333 | C267: A DISTANCIA DE X1 É MUITA COISA, USA COMO X
A268: DISTANCIA ENTRE LUMINARIAS EIXO X, X1 | B268: =B267/2 -> 2.5766667 | C268: A DISTANCIA DE X1 É MUITA COISA, MESMO NÃO ULTRAPASSANDO O LIMITE, DIVIDE POR 2
A269: DISTANCIA ENTRE LUMINARIAS EIXO Y, Y | B269: =B259 -> 4.06 | C269: A DISTANCIA DE Y1 É MUITA COISA, USA COMO Y
A270: DISTANCIA ENTRE LUMINARIAS E EIXO Y, Y1 | B270: =B259/2 -> 2.03 | C270: por ter duas bordas de eixo Y entre luminarias pode dividir por 2
C272: Verificação
A273: DISTANCIA ENTRE LUMINARIAS EIXO X, X | B273: =B267 -> 5.1533333 | C273: =IF(B273<=$B$260,"CERTO","CORRIGIR") -> CERTO
A274: DISTANCIA ENTRE LUMINARIAS E EIXO X, X1 | B274: =B268 -> 2.5766667 | C274: =IF(B274<=$B$260,"CERTO","CORRIGIR") -> CERTO
A275: DISTANCIA ENTRE LUMINARIAS EIXO Y, Y | B275: =B269 -> 4.06 | C275: =IF(B275<=$B$260,"CERTO","CORRIGIR") -> CERTO
A276: DISTANCIA ENTRE LUMINARIAS E EIXO Y, Y1 | B276: =B270 -> 2.03 | C276: =IF(B276<=$B$260,"CERTO","CORRIGIR") -> CERTO
A284: POTENCIA PONTO DE ILUMINAÇÃO
A286: TENSÃO DE ALIMENTAÇÃO (V) | B286: 220
A287: POTENCIA TOTAL DE ILUMINAÇÃO (VA) | B287: =((B97)*B95)+B103/B104 -> 432.35294
A288: POTÊNCIA ADOTADO DO PONTO (VA) | B288: 440 | C288: ADOTADO VALOR DE 440 VA PARA TER MAIS MARGEM DE SEGURANÇA
A289: POTENCIA DE ARRANJO (VA) | B289: =B288*B220 -> 5280
A290: CORRENTE DE PROJETO (A) | B290: =B289/B286 -> 24

Sheet RECAPAGEM
A1: DADOS DO LOCAL
B3: LOCAL | C3: LARGURA L (m) | D3: COMPRIMENTO C (m) | E3: ÁREA (m²) | F3: PERÍMETRO (m) | G3: ALTURA DE MANUSEIO TRABALHO Hpp (m) | H3: TETO | I3: PAREDE | J3: PISO | K3: ALTURA TOTAL/PÉ-DIREITO Htp (m) | L3: VELOCIDADE E PRECISÃO | M3: REFLETANCIA DO FUNDO DA TAREFA | N3: IDADE MÉDIA DOS TRABALHADORES | O3: ALTURA MÍNIIMA | P3: TIRANTE | Q3: K | R3: Hlp | S3: Htl | T3: Hpp
B4: RECAPAGEM 1 | C4: 5 | D4: 30.9 | E4: =D4*C4 -> 154.5 | F4: =(2*D4)+(2*C4) -> 71.8 | G4: 0.8 | H4: ZINCO | I4: CLARA | J4: CONCRETO | K4: 7 | L4: IMPORTANTE | M4: 0.4 | N4: 41 ANOS | O4: 4 | P4: 1 | Q4: =(5*(D4+C4))/(D4*C4) -> 1.1618123 | R4: =K4-P4-G4 -> 5.2 | S4: =P4 -> 1 | T4: =G4 -> 0.8
B5: RECAPAGEM 2 | C5: 5.23 | D5: 39.25 | E5: =D5*C5 -> 205.2775 | F5: =(2*D5)+(2*C5) -> 88.96 | Q5: =(5*(D5+C5))/(D5*C5) -> 1.0834115 | R5: =K4-P4-G4 -> 5.2 | S5: =P4 -> 1 | T5: =G4 -> 0.8
B6: RECAPAGEM 3 | C6: 27.95 | D6: 43.37 | E6: =D6*C6 -> 1212.1915 | F6: =(2*D6)+(2*C6) -> 142.64 | Q6: =(5*(D6+C6))/(D6*C6) -> 0.29417794 | R6: =K4-P4-G4 -> 5.2 | S6: =P4 -> 1 | T6: =G4 -> 0.8
A35: LUMINÁRIA
J43: MODELO | K43: HDK 472
J44: FABRICANTE | K44: PHILLIPS
A54: LÂMPADA+REATOR
D57: MODELO | G57: MODELO
D58: FABRICANTE | G58: FABRICANTE
A68: CAVIDADES
E70: refletâncias | H70: Refletâncias Efetivas tab 2.11 – Mamede
C71: recinto | D71: teto | E71: piso | F71: parede clara | G71: teto claro (zinco) | H71: piso escuro
B72: LOCAL | C72: Rcr | D72: Rct | E72: Rcp | F72: ρpa | G72: ρte | H72: ρpi | I72: ρct(1) | J72: ρcp | O72: para teto de 50% | P72: para teto de 70%
B73: RECAPAGEM 1 | C73: =Q4*R4 -> 6.0414239 | D73: =Q4*S4 -> 1.1618123 | E73: =Q4*T4 -> 0.92944984 | F73: 0.5 | G73: 0.5 | H73: 0.1 | I73: 43 | J73: 11 | O73: 43 | P73: 59
B74: RECAPAGEM 2 | C74: =Q5*R5 -> 5.6337397 | D74: =Q5*S5 -> 1.0834115 | E74: =Q5*T5 -> 0.86672918 | I74: 43 | J74: 11 | O74: 43 | P74: 59
B75: RECAPAGEM 3 | C75: =Q6*R6 -> 1.5297253 | D75: =Q6*S6 -> 0.29417794 | E75: =Q6*T6 -> 0.23534235 | I75: 47 | J75: 10 | O75: 48 | P75: 67
A95: FATOR DE UTILIZAÇÃO
H96: tab 2.12 – Mamede
B98: LOCAL | C98: Rcr | D98: k1 | E98: k2 | F98: fu1 | G98: fu2 | H98: k | I98: a | J98: b | K98: c | L98: fu
B99: RECAPAGEM 1 | C99: 6 | D99: 10 | E99: 50 | F99: 0.44 | G99: 0.46 | H99: =I73 -> 43 | I99: =E99-D99 -> 40 | J99: =H99-D99 -> 33 | K99: =G99-F99 -> 0.02 | L99: =((G99*I99)-(K99*J99))/$I$99 -> 0.4435
C100: 7 | D100: 10 | E100: 50 | F100: 0.41 | G100: 0.43 | H100: =I73 -> 43 | I100: =E100-D100 -> 40 | J100: =H100-D100 -> 33 | K100: =G100-F100 -> 0.02 | L100: =((G100*I100)-(K100*J100))/I100 -> 0.4135
C101: =C73 -> 6.0414239 | D101: 7 | E101: 6 | F101: =L99 -> 0.4435 | G101: =L100 -> 0.4135 | H101: =C101 -> 6.0414239 | I101: =E101-D101 -> -1 | J101: =E101-H101 -> -0.041423948 | K101: =F101-G101 -> 0.03 | L101: =((G101*I101)-(K101*J101))/I101 -> 0.41225728
B102: RECAPAGEM 2 | C102: 5 | D102: 10 | E102: 50 | F102: 0.47 | G102: 0.5 | H102: =I74 -> 43 | I102: =E102-D102 -> 40 | J102: =H102-D102 -> 33 | K102: =G102-F102 -> 0.03 | L102: =((G102*I102)-(K102*J102))/$I$99 -> 0.47525
C103: 6 | D103: 10 | E103: 50 | F103: 0.44 | G103: 0.46 | H103: =I74 -> 43 | I103: =E103-D103 -> 40 | J103: =H103-D103 -> 33 | K103: =G103-F103 -> 0.02 | L103: =((G103*I103)-(K103*J103))/I103 -> 0.4435
C104: =C74 -> 5.6337397 | D104: 6 | E104: 5 | F104: =L102 -> 0.47525 | G104: =L103 -> 0.4435 | H104: =C104 -> 5.6337397 | I104: =E104-D104 -> -1 | J104: =E104-H104 -> -0.63373969 | K104: =G104-F104 -> -0.03175 | L104: =((G104*I104)-(K104*J104))/I104 -> 0.46362124
B105: RECAPAGEM 3 | C105: 1 | D105: 10 | E105: 50 | F105: 0.67 | G105: 0.72 | H105: =I75 -> 47 | I105: =E105-D105 -> 40 | J105: =H105-D105 -> 37 | K105: =G105-F105 -> 0.05 | L105: =((G105*I105)-(K105*J105))/$I$99 -> 0.67375
C106: 2 | D106: 10 | E106: 50 | F106: 0.61 | G106: 0.65 | H106: =I75 -> 47 | I106: =E106-D106 -> 40 | J106: =H106-D106 -> 37 | K106: =G106-F106 -> 0.04 | L106: =((G106*I106)-(K106*J106))/I106 -> 0.613
C107: =C75 -> 1.5297253 | D107: 2 | E107: 1 | F107: =L105 -> 0.67375 | G107: =L106 -> 0.613 | H107: =C107 -> 1.5297253 | I107: =E107-D107 -> -1 | J107: =E107-H107 -> -0.5297253 | K107: =G107-F107 -> -0.06075 | L107: =((G107*I107)-(K107*J107))/I107 -> 0.64518081
A111: CORREÇÃO FATOR DE UTILIZAÇÃO
B114: LOCAL | C114: ρcp | D114: fu | E114: fcu | F114: fu'
B115: RECAPAGEM 1 | C115: =J73 -> 11 | D115: =L101 -> 0.41225728 | E115: 1.02 | F115: =D115/E115 -> 0.40417381
B116: RECAPAGEM 2 | C116: =J74 -> 11 | D116: =L104 -> 0.46362124 | E116: 1.02 | F116: =D116/E116 -> 0.45453062
B117: RECAPAGEM 3 | C117: =J75 -> 10 | D117: =L107 -> 0.64518081 | E117: 1.04 | F117: =D117/E117 -> 0.62036617
A126: FATOR DE DEPRECIAÇÃO
B130: LOCAL | C130: vida util | D130: tempo de manutenção | E130: tempo de uso
B131: RECAPAGEM 1
B132: RECAPAGEM 2
B133: RECAPAGEM 3

Sheet SUBESTAÇÃO
A1: DADOS DO LOCAL
A2: LOCAL | B2: LARGURA L (m) | C2: COMPRIMENTO C (m) | D2: ALTURA DE MANUSEIO TRABALHO Hpp (m) | E2: ALTURA TOTAL/PÉ-DIREITO Htp (m) | F2: ALTURA UTIL/ ALTURA DE TRABALHO Hlp (m) | G2: TETO | H2: PAREDE | I2: PISO | J2: LAMPADA UTILIZADA
A3: SUBESTAÇÃO | B3: =DADOS!D15 -> 9.6 | C3: =DADOS!E15 -> 9.8 | D3: =DADOS!C15 -> 0.8 | E3: =DADOS!K15 -> 7 | F3: =E3-D3 -> 6.2 | G3: =DADOS!H15 -> BRANCO | H3: =DADOS!I15 -> BRANCA | I3: =DADOS!J15 -> CONCRETO | J3: MISTA
A6: MÉTODO LUMENS
A8: ILUMINAMENTO
A11: CARACTERÍSTICAS DA TAREFA E DO OBSERVADOR ADOTADOS
A12: IDADE | B12: 41
A13: VELOCIDADE E PRECISÃO | B13: IMPORTANTE
A14: REFLETANCIA NO FUNDO DA TAREFA | B14: 0.4
A15: CALCULO DE PESO | B15: 0
A17: FAIXAS, ILUMINANCIAS E TIPO DE ATIVIDADE ADOTADOS
A18: ADOTADA A FAIXA B | B18: TAREFAS COM REQUISITOS VISUAIS LIMITADOS
A19: ILUMINÂNCIAS (LUX) | B19: 200
A51: LUMINÁRIA ADOTADA
A53: SUBESTAÇÃO NÃO PODE TER LUMINÁRIAS NO TETO, APENAS NAS PAREDES E FORA DAS CABINES DE TRANSFORMADORES - NECESSÁRIO QUE FOSSE ARANDELA ANTI-EXPLOSÃO
A55: DADOS LUMINÁRIA
A56: MODELO | B56: FLW 17/3-MI5500
A57: FABRICANTE | B57: Comercial EX
A60: https://comercialex.com.br/produtos/iluminacao/luminaria-convencional/luminaria-a-prova-de-explosao-arandela/
A68: LAMPADA E REATOR ADOTADOS
A69: Podendo ser adotados lampadas de até 400 W, conforme a luminária adotada
A71: DADOS DA LAMPADA
A72: MODELO | B72: PEGO DOS PDFs disponibilizados
A73: FABRICANTE
A74: TIPO DE LAMPADA | B74: MISTA | E74: https://www.eletricasantaefigenia.com.br/lampada-mista-500w-/prod-10645297/
A75: POTÊNCIA (W) | B75: 500
A76: FLUXO LUMINOSO (lumens) | B76: 32000
A77: NUMERO DE LAMPADAS POR LUMINARIA | B77: 1
A80: DADOS DO REATOR (não possui reator)
A81: MODELO
A82: FABRICANTE
A83: PERDAS (W)
A84: FATOR DE POTENCIA
A86: De forma a calcular o fluxo luminoso se deve calcular o FATOR DE UTILIZAÇÃO e FATOR DE DEPRECIAÇÃO
A88: FATOR DE UTILIZAÇÃO Fu
A89: DEVE-SE SEGUIR A FORMULA ABAIXO
A92: K | B92: =(C3*B3)/(F3*(C3+B3)) -> 0.78217493
A95: VERIFICA NO LIVRO DO MAMEDE AS REFLETANCIAS
A97: POR MEIO DO VALOR DE K, USA A TABELA PARA ACHAR CONHECENDO AS REFLENTACIAS MÉDIAS DO TETO Pte, DAs PAREDES Ppa, do PISO Ppi, VAI NA TABELA E PEGA OS VALORES
A99: TETO | B99: =G3 -> BRANCO
A100: PAREDE | B100: =H3 -> BRANCA
A101: PISO | B101: =I3 -> CONCRETO
A102: Pte | B102: 0.7
A103: Ppa | B103: 0.5
A104: Ppi | B104: 0.1
A105: Fu | B105: 0.19
A108: Como o fator K está muito próximo de 0,80, será considerado 0,19 de Fu
A126: FATOR DE DEPRECIAÇÃO Fdl
A128: PRECISA VERIFICAR A CATEGORIA DA MANUTENÇÃO, CONSIDERA UM AMBIENTE SUJO
A130: CATEGORIA DE MANUTENÇÃO LUMINÁRIAS | B130: V
A131: CATEGORIA DO LOCAL | B131: SUJO
A132: VIDA MÉDIA LAMPADAS (h) | B132: 20000
A133: TEMPO DE MANUTENÇÃO (meses) | B133: =(B132/2)/(14*30) -> 23.809524
A134: Precisa calcular o tempo de manutenção das lampadas considera metade do tempo de vida média, 14 horas ligadas e por 30 dias
A136: A PARTIR DO TEMPO DE MANUTENÇÃO SE USA O GRAFICO DE CATEGORIA I, com S de sujo
A151: FATOR DE DEPRECIAÇÃO Fdl | B151: 0.69
A156: FLUXO TOTAL LUMINOSO
A157: Wt (lm) | B157: =(B19*B3*C3)/(B105*B151) -> 143524.03
A170: NUMERO DE LUMINARIAS
A172: Nlu | B172: =B157/(B77*B76) -> 4.4851259
A173: Sempre arredonda Nlu para valor inteiro e acima
A174: Nlu>= | B174: 4
A175: Nlu>= | B175: 5
A176: MELHOR ADOTAR O VALOR DE NLU DE 5 PARA MELHOR DISTRIBUIÇÃO
C199: Usa o valor de catalogo de rendimento luminoso
A201: DISTRIBUIÇÃO/DISPOSIÇÃO DE LUMINÁRIAS
A205: POSICIONAR NO ESPAÇO ESSAS 5 LUMINARIAS
A207: LUMINARIAS POSICIONADAS EIXO X | B207: 2
A208: LUMINARIAS POSICIONADAS EIXO Y | B208: 3
C210: Verificação
A211: COMPRIMENTO DO COMODO | B211: 9.6
A212: LARGURA DO COMODO | B212: 9.28
A213: X1 | B213: =C3/B207 -> 4.9 | C213: =IF(B213<=$B$215,"CERTO","CORRIGIR") -> CERTO
A214: Y1 | B214: =B3/B208 -> 3.2 | C214: =IF(B214<=$B$215,"CERTO","CORRIGIR") -> CERTO
A215: 1,5xHpl | B215: =1.5*F3 -> 9.3
A222: DISTANCIA ENTRE LUMINARIAS EIXO X, X | B222: 4.8 | C222: A DISTANCIA DE X1 É MUITA COISA, USA COMO X
A223: DISTANCIA ENTRE LUMINARIAS E EIXO X, X1 | B223: =B222/2 -> 2.4
A224: DISTANCIA ENTRE LUMINARIAS EIXO Y, Y | B224: =B214 -> 3.2 | C224: A DISTANCIA DE Y1 É MUITA COISA, USA COMO Y
A225: DISTANCIA ENTRE LUMINARIAS E EIXO Y, Y1 | B225: =B214/2 -> 1.6 | C225: por ter duas bordas de eixo Y entre luminarias pode dividir por 2
C228: Verificação
A229: DISTANCIA ENTRE LUMINARIAS EIXO X, X | B229: =B222 -> 4.8 | C229: =IF(B229<=$B$215,"CERTO","CORRIGIR") -> CERTO
A230: DISTANCIA ENTRE LUMINARIAS E EIXO X, X1 | B230: =B223 -> 2.4 | C230: =IF(B230<=$B$215,"CERTO","CORRIGIR") -> CERTO
A231: DISTANCIA ENTRE LUMINARIAS EIXO Y, Y | B231: =B224 -> 3.2 | C231: =IF(B231<=$B$215,"CERTO","CORRIGIR") -> CERTO
A232: DISTANCIA ENTRE LUMINARIAS E EIXO Y, Y1 | B232: =B225 -> 1.6 | C232: =IF(B232<=$B$215,"CERTO","CORRIGIR") -> CERTO
A239: POTENCIA PONTO DE ILUMINAÇÃO
A241: TENSÃO DE ALIMENTAÇÃO (V) | B241: 220
A242: POTENCIA TOTAL DE ILUMINAÇÃO (VA) | B242: =((B77)*B75)+B83/B84 -> #DIV/0!
A243: POTÊNCIA ADOTADO DO PONTO (VA) | B243: 440 | C243: ADOTADO VALOR DE 440 VA PARA TER MAIS MARGEM DE SEGURANÇA
A244: POTENCIA DE ARRANJO (VA) | B244: =B243*B175 -> 2200
A245: CORRENTE DE PROJETO (A) | B245: =B244/B241 -> 10

Sheet LUM-SP-CQ-B-E
A1: DADOS DO LOCAL
A2: LOCAL | B2: LARGURA L (m) | C2: COMPRIMENTO C (m) | D2: ALTURA DE MANUSEIO TRABALHO Hpp (m) | E2: ALTURA TOTAL/PÉ-DIREITO Htp (m) | F2: ALTURA ÚTIL / ALTURA DE TRABALHO Hlp (m) | G2: TETO | H2: PAREDE | I2: PISO | J2: LÂMPADA UTILIZADA
A3: SAÍDA DE PRODUTOS (SALA DE PRODUTOS) | B3: 5 | C3: 6 | D3: 0.8 | E3: 3 | F3: =E3-D3 -> 2.2 | G3: CLARO | H3: CLARA | I3: AZULEJO CINZA | J3: FLUORESCENTE
A4: CONTROLE DE QUALIDADE | B4: 5 | C4: 6 | D4: 0.8 | E4: 3 | F4: =E4-D4 -> 2.2 | G4: BRANCO | H4: BRANCA | I4: AZULEJO CINZA | J4: FLUORESCENTE
A5: BANHEIRO (VESTUÁRIO) | B5: 5.23 | C5: 3.5 | D5: 0.8 | E5: 3 | F5: =E5-D5 -> 2.2 | G5: CLARO | H5: CLARA | I5: AZULEJO CINZA | J5: FLUORESCENTE
A6: ESCRITÓRIO | B6: 8.12 | C6: 6 | D6: 0.8 | E6: 3 | F6: =E6-D6 -> 2.2 | G6: BRANCO | H6: BEGE | I6: AZULEJO CINZA | J6: FLUORESCENTE
A8: MÉTODO LUMENS
A9: As quatro áreas são dimensionadas pelo Método dos Lumens. A revisão segue o padrão das demais páginas, corrigindo refletâncias e incorporando as faixas de iluminância usadas no restante do trabalho.
A11: ILUMINAMENTO
A13: CARACTERÍSTICAS DA TAREFA E DO OBSERVADOR ADOTADAS
A14: IDADE | B14: 41
A15: VELOCIDADE E PRECISÃO | B15: IMPORTANTE
A16: REFLETÂNCIA NO FUNDO DA TAREFA | B16: 0.4
A17: CÁLCULO DE PESO | B17: 0
A20: FAIXAS, ILUMINÂNCIAS E TIPO DE ATIVIDADE ADOTADOS
A21: AMBIENTE | B21: FAIXA | C21: TIPO DE ATIVIDADE | D21: LUX INFERIOR | E21: LUX MÉDIO | F21: LUX SUPERIOR | G21: PESO | H21: E PELA FAIXA [lux] | I21: E ESPECÍFICA [lux] | J21: E ADOTADA [lux]
A22: =A3 -> SAÍDA DE PRODUTOS (SALA DE PRODUTOS) | B22: A | C22: Recintos não usados para trabalho contínuo, depósitos | D22: 100 | E22: 150 | F22: 200 | G22: =$B$17 -> 0 | H22: =IF(G22<=-2,D22,IF(G22>=2,F22,E22)) -> 150 | I22: 200 | J22: =MAX(H22,I22) -> 200
A23: =A4 -> CONTROLE DE QUALIDADE | B23: B | C23: Tarefas com requisitos especiais: inspeção | D23: 1000 | E23: 1500 | F23: 2000 | G23: =$B$17 -> 0 | H23: =IF(G23<=-2,D23,IF(G23>=2,F23,E23)) -> 1500 | I23: 500 | J23: =MAX(H23,I23) -> 1500
A24: =A5 -> BANHEIRO (VESTUÁRIO) | B24: A | C24: Orientação simples para permanência curta | D24: 50 | E24: 75 | F24: 100 | G24: =$B$17 -> 0 | H24: =IF(G24<=-2,D24,IF(G24>=2,F24,E24)) -> 75 | I24: 200 | J24: =MAX(H24,I24) -> 200
A25: =A6 -> ESCRITÓRIO | B25: B | C25: Tarefas com requisitos visuais normais: escritórios | D25: 500 | E25: 750 | F25: 1000 | G25: =$B$17 -> 0 | H25: =IF(G25<=-2,D25,IF(G25>=2,F25,E25)) -> 750 | I25: 250 | J25: =MAX(H25,I25) -> 750
A47: ILUMINÂNCIA FINAL ADOTADA
A48: AMBIENTE | B48: TIPO ESPECÍFICO | C48: E PELA FAIXA [lux] | D48: E MÍNIMA ESPECÍFICA [lux] | E48: E FINAL ADOTADA [lux]
A49: =A22 -> SAÍDA DE PRODUTOS (SALA DE PRODUTOS) | B49: LOCAIS DE ARMAZENAMENTO - GRANDES VOLUMES | C49: =H22 -> 150 | D49: =I22 -> 200 | E49: =J22 -> 200
A50: =A23 -> CONTROLE DE QUALIDADE | B50: INSPEÇÃO / CONTROLE DE QUALIDADE | C50: =H23 -> 1500 | D50: =I23 -> 500 | E50: =J23 -> 1500
A51: =A24 -> BANHEIRO (VESTUÁRIO) | B51: BANHEIROS / VESTIÁRIOS | C51: =H24 -> 75 | D51: =I24 -> 200 | E51: =J24 -> 200
A52: =A25 -> ESCRITÓRIO | B52: ESCRITÓRIOS - SALA DE TRABALHO | C52: =H25 -> 750 | D52: =I25 -> 250 | E52: =J25 -> 750
A54: Critério final: maior valor entre a faixa e a iluminância específica. Sala de Produtos = 200 lux; Controle de Qualidade = 1500 lux; Banheiro/Vestiário = 200 lux; Escritório = 750 lux.
A56: LUMINÁRIA, LÂMPADA E REATOR ADOTADOS
A58: DADOS DA LUMINÁRIA
A59: MODELO | B59: TMS 426 - 2 x 40 W
A60: FABRICANTE | B60: Philips
A61: APLICAÇÃO | B61: Ambientes internos de baixo pé-direito
A63: DADOS DA LÂMPADA
A64: MODELO | B64: FLUORESCENTE COMUM
A65: TIPO | B65: FLUORESCENTE
A66: POTÊNCIA [W] | B66: 40
A67: FLUXO LUMINOSO [lm] | B67: 3000
A68: LÂMPADAS POR LUMINÁRIA | B68: 2
A70: DADOS DO REATOR
A71: CONFIGURAÇÃO | B71: DUPLO 2 x 40 W
A72: TENSÃO [V] | B72: 220
A73: CORRENTE DE CATÁLOGO [A] | B73: 0.51
A74: FATOR DE POTÊNCIA | B74: 0.9
A75: PERDAS POR LUMINÁRIA [W] | B75: 24.1
A77: FATOR DE UTILIZAÇÃO Fu
A78: Correção principal: no material de Mamede, teto "CLARO" = 50% e "BRANCO" = 70%. Para parede BEGE, adota-se 35% dentro da faixa 35–40%, usando a condição mais crítica.
A80: REFLETÂNCIAS ADOTADAS
A81: AMBIENTE | B81: TETO INFORMADO | C81: TETO [%] | D81: PAREDE INFORMADA | E81: PAREDE [%] | F81: PISO INFORMADO | G81: PISO [%] NA TABELA Fu | H81: CRITÉRIO
A82: =A3 -> SAÍDA DE PRODUTOS (SALA DE PRODUTOS) | B82: =G3 -> CLARO | C82: =IF(B82="BRANCO",70,IF(B82="CLARO",50,30)) -> 50 | D82: =H3 -> CLARA | E82: =IF(OR(D82="BRANCA",D82="CLARA"),50,30) -> 50 | F82: =I3 -> AZULEJO CINZA | G82: 10 | H82: Tabela TMS 426 publicada para piso 10%
A83: =A4 -> CONTROLE DE QUALIDADE | B83: =G4 -> BRANCO | C83: =IF(B83="BRANCO",70,IF(B83="CLARO",50,30)) -> 70 | D83: =H4 -> BRANCA | E83: =IF(OR(D83="BRANCA",D83="CLARA"),50,30) -> 50 | F83: =I4 -> AZULEJO CINZA | G83: 10 | H83: Tabela TMS 426 publicada para piso 10%
A84: =A5 -> BANHEIRO (VESTUÁRIO) | B84: =G5 -> CLARO | C84: =IF(B84="BRANCO",70,IF(B84="CLARO",50,30)) -> 50 | D84: =H5 -> CLARA | E84: =IF(OR(D84="BRANCA",D84="CLARA"),50,30) -> 50 | F84: =I5 -> AZULEJO CINZA | G84: 10 | H84: Tabela TMS 426 publicada para piso 10%
A85: =A6 -> ESCRITÓRIO | B85: =G6 -> BRANCO | C85: =IF(B85="BRANCO",70,IF(B85="CLARO",50,30)) -> 70 | D85: =H6 -> BEGE | E85: 35 | F85: =I6 -> AZULEJO CINZA | G85: 10 | H85: BEGE 35–40%; adotado 35% (mais crítico)
A101: ÍNDICE DO RECINTO K E INTERPOLAÇÃO DE Fu
A102: AMBIENTE | B102: L [m] | C102: C [m] | D102: Hlp [m] | E102: K | F102: TETO [%] | G102: PAREDE [%] | H102: Fu | I102: INTERPOLAÇÃO UTILIZADA
A103: =A3 -> SAÍDA DE PRODUTOS (SALA DE PRODUTOS) | B103: =B3 -> 5 | C103: =C3 -> 6 | D103: =F3 -> 2.2 | E103: =(B103*C103)/(D103*(B103+C103)) -> 1.2396694 | F103: =C82 -> 50 | G103: =E82 -> 50 | H103: =0.44+(E103-1)/(1.25-1)*(0.49-0.44) -> 0.48793388 | I103: 50/50: K 1,00→1,25 | Fu 0,44→0,49
A104: =A4 -> CONTROLE DE QUALIDADE | B104: =B4 -> 5 | C104: =C4 -> 6 | D104: =F4 -> 2.2 | E104: =(B104*C104)/(D104*(B104+C104)) -> 1.2396694 | F104: =C83 -> 70 | G104: =E83 -> 50 | H104: =0.5+(E104-1)/(1.25-1)*(0.56-0.5) -> 0.55752066 | I104: 70/50: K 1,00→1,25 | Fu 0,50→0,56
A105: =A5 -> BANHEIRO (VESTUÁRIO) | B105: =B5 -> 5.23 | C105: =C5 -> 3.5 | D105: =F5 -> 2.2 | E105: =(B105*C105)/(D105*(B105+C105)) -> 0.95308758 | F105: =C84 -> 50 | G105: =E84 -> 50 | H105: =0.38+(E105-0.8)/(1-0.8)*(0.44-0.38) -> 0.42592627 | I105: 50/50: K 0,80→1,00 | Fu 0,38→0,44
A106: =A6 -> ESCRITÓRIO | B106: =B6 -> 8.12 | C106: =C6 -> 6 | D106: =F6 -> 2.2 | E106: =(B106*C106)/(D106*(B106+C106)) -> 1.568375 | F106: =C85 -> 70 | G106: =E85 -> 35 | H106: =(0.54+(E106-1.5)/(2-1.5)*(0.61-0.54))+((G106-30)/20)*((0.61+(E106-1.5)/(2-1.5)*(0.68-0.61))-(0.54+(E106-1.5)/(2-1.5)*(0.61-0.54))) -> 0.5670725 | I106: 70/30 ↔ 70/50; parede 35%; K 1,50→2,00
A119: FATOR DE DEPRECIAÇÃO Fdl
A120: TIPO DA LUMINÁRIA | B120: LUMINÁRIA COMERCIAL
A121: Fdl ADOTADO | B121: 0.75
A122: FONTE | B122: Tabela 2.9 - Mamede
A124: O valor 0,75 é o valor tabelado para luminária comercial. Portanto, nesta solução não é necessário estimar Fdl pelo gráfico de manutenção; usa-se diretamente a classificação do aparelho.
A136: FLUXO TOTAL LUMINOSO
A137: Fluxo requerido: Φt = E × S / (Fu × Fdl). Todos os termos utilizados aparecem acima na planilha.
A144: AMBIENTE | B144: E [lux] | C144: ÁREA [m²] | D144: Fu | E144: Fdl | F144: Φt [lm]
A145: =A3 -> SAÍDA DE PRODUTOS (SALA DE PRODUTOS) | B145: =J22 -> 200 | C145: =B3*C3 -> 30 | D145: =H103 -> 0.48793388 | E145: =$B$121 -> 0.75 | F145: =B145*C145/(D145*E145) -> 16395.664
A146: =A4 -> CONTROLE DE QUALIDADE | B146: =J23 -> 1500 | C146: =B4*C4 -> 30 | D146: =H104 -> 0.55752066 | E146: =$B$121 -> 0.75 | F146: =B146*C146/(D146*E146) -> 107619.33
A147: =A5 -> BANHEIRO (VESTUÁRIO) | B147: =J24 -> 200 | C147: =B5*C5 -> 18.305 | D147: =H105 -> 0.42592627 | E147: =$B$121 -> 0.75 | F147: =B147*C147/(D147*E147) -> 11460.512
A148: =A6 -> ESCRITÓRIO | B148: =J25 -> 750 | C148: =B6*C6 -> 48.72 | D148: =H106 -> 0.5670725 | E148: =$B$121 -> 0.75 | F148: =B148*C148/(D148*E148) -> 85914.941
A150: NÚMERO DE LUMINÁRIAS
A151: Nlu = Φt / (fluxo por lâmpada × número de lâmpadas por luminária). O valor calculado é arredondado para cima e depois verificado para permitir uma distribuição regular.
A157: AMBIENTE | B157: Φt [lm] | C157: FLUXO/LÂMPADA [lm] | D157: LÂMPADAS/LUMINÁRIA | E157: Nlu TEÓRICO | F157: Nlu ≥ | G157: GRADE ADOTADA | H157: Nlu ADOTADO
A158: =A145 -> SAÍDA DE PRODUTOS (SALA DE PRODUTOS) | B158: =F145 -> 16395.664 | C158: =$B$67 -> 3000 | D158: =$B$68 -> 2 | E158: =B158/(C158*D158) -> 2.7326107 | F158: =ROUNDUP(E158,0) -> 3 | G158: 3 x 1 | H158: 3
A159: =A146 -> CONTROLE DE QUALIDADE | B159: =F146 -> 107619.33 | C159: =$B$67 -> 3000 | D159: =$B$68 -> 2 | E159: =B159/(C159*D159) -> 17.936555 | F159: =ROUNDUP(E159,0) -> 18 | G159: 6 x 3 | H159: 18
A160: =A147 -> BANHEIRO (VESTUÁRIO) | B160: =F147 -> 11460.512 | C160: =$B$67 -> 3000 | D160: =$B$68 -> 2 | E160: =B160/(C160*D160) -> 1.9100854 | F160: =ROUNDUP(E160,0) -> 2 | G160: 1 x 2 | H160: 2
A161: =A148 -> ESCRITÓRIO | B161: =F148 -> 85914.941 | C161: =$B$67 -> 3000 | D161: =$B$68 -> 2 | E161: =B161/(C161*D161) -> 14.319157 | F161: =ROUNDUP(E161,0) -> 15 | G161: 3 x 5 | H161: 15
A163: DISTRIBUIÇÃO / DISPOSIÇÃO DAS LUMINÁRIAS
A164: Critério da aula/material: X e Y devem ficar, em geral, entre 1,0 m e 1,5 × Hlp; distâncias às paredes X1 e Y1 são metade do espaçamento. Para Hlp = 2,20 m, o limite superior é 3,30 m.
A166: AMBIENTE | B166: Nx | C166: Ny | D166: X [m] | E166: X1 [m] | F166: Y [m] | G166: Y1 [m] | H166: 1,5×Hlp [m] | I166: N TOTAL | J166: VERIFICAÇÃO
A167: =A3 -> SAÍDA DE PRODUTOS (SALA DE PRODUTOS) | B167: 3 | C167: 1 | D167: =IF(B167>1,C3/B167,0) -> 2 | E167: =C3/(2*B167) -> 1 | F167: =IF(C167>1,B3/C167,0) -> 0 | G167: =B3/(2*C167) -> 2.5 | H167: =1.5*F3 -> 3.3 | I167: =B167*C167 -> 3 | J167: =IF(AND(MAX(D167,E167,F167,G167)<=H167,OR(D167=0,D167>=1),OR(F167=0,F167>=1)),"CERTO","REVER") -> CERTO
A168: =A4 -> CONTROLE DE QUALIDADE | B168: 6 | C168: 3 | D168: =IF(B168>1,C4/B168,0) -> 1 | E168: =C4/(2*B168) -> 0.5 | F168: =IF(C168>1,B4/C168,0) -> 1.6666667 | G168: =B4/(2*C168) -> 0.83333333 | H168: =1.5*F4 -> 3.3 | I168: =B168*C168 -> 18 | J168: =IF(AND(MAX(D168,E168,F168,G168)<=H168,OR(D168=0,D168>=1),OR(F168=0,F168>=1)),"CERTO","REVER") -> CERTO
A169: =A5 -> BANHEIRO (VESTUÁRIO) | B169: 1 | C169: 2 | D169: =IF(B169>1,C5/B169,0) -> 0 | E169: =C5/(2*B169) -> 1.75 | F169: =IF(C169>1,B5/C169,0) -> 2.615 | G169: =B5/(2*C169) -> 1.3075 | H169: =1.5*F5 -> 3.3 | I169: =B169*C169 -> 2 | J169: =IF(AND(MAX(D169,E169,F169,G169)<=H169,OR(D169=0,D169>=1),OR(F169=0,F169>=1)),"CERTO","REVER") -> CERTO
A170: =A6 -> ESCRITÓRIO | B170: 3 | C170: 5 | D170: =IF(B170>1,C6/B170,0) -> 2 | E170: =C6/(2*B170) -> 1 | F170: =IF(C170>1,B6/C170,0) -> 1.624 | G170: =B6/(2*C170) -> 0.812 | H170: =1.5*F6 -> 3.3 | I170: =B170*C170 -> 15 | J170: =IF(AND(MAX(D170,E170,F170,G170)<=H170,OR(D170=0,D170>=1),OR(F170=0,F170>=1)),"CERTO","REVER") -> CERTO
A178: POTÊNCIA DO PONTO DE ILUMINAÇÃO E CARGA
A179: POTÊNCIA DAS LÂMPADAS [W] | B179: =B68*B66 -> 80
A180: PERDAS DO REATOR [W] | B180: =B75 -> 24.1
A181: P ATIVA POR LUMINÁRIA [W] | B181: =B179+B180 -> 104.1
A182: FP | B182: =B74 -> 0.9
A183: Q POR LUMINÁRIA [var] | B183: =B181*TAN(ACOS(B182)) -> 50.417931
A184: S POR LUMINÁRIA [VA] | B184: =SQRT(B181^2+B183^2) -> 115.66667
A185: S ADOTADA POR PONTO [VA] | B185: 120
A187: Para as etapas seguintes do projeto, a carga fica registrada em potência complexa P + jQ. A potência aparente exata por luminária é calculada; para margem de projeto foi adotado 120 VA por ponto.
A189: AMBIENTE | B189: QDL | C189: Nlu | D189: P [W] | E189: Q [var] | F189: S EXATA [VA] | G189: S ADOTADA [VA] | H189: I EXATA [A] | I189: I ADOTADA [A] | J189: E OBTIDA [lux]
A190: =A3 -> SAÍDA DE PRODUTOS (SALA DE PRODUTOS) | B190: QDL6 | C190: =H158 -> 3 | D190: =C190*$B$181 -> 312.3 | E190: =C190*$B$183 -> 151.25379 | F190: =SQRT(D190^2+E190^2) -> 347 | G190: =C190*$B$185 -> 360 | H190: =F190/$B$72 -> 1.5772727 | I190: =G190/$B$72 -> 1.6363636 | J190: =C190*$B$68*$B$67*H103*$B$121/(B3*C3) -> 219.57025
A191: =A4 -> CONTROLE DE QUALIDADE | B191: QDL6 | C191: =H159 -> 18 | D191: =C191*$B$181 -> 1873.8 | E191: =C191*$B$183 -> 907.52276 | F191: =SQRT(D191^2+E191^2) -> 2082 | G191: =C191*$B$185 -> 2160 | H191: =F191/$B$72 -> 9.4636364 | I191: =G191/$B$72 -> 9.8181818 | J191: =C191*$B$68*$B$67*H104*$B$121/(B4*C4) -> 1505.3058
A192: =A5 -> BANHEIRO (VESTUÁRIO) | B192: QDL7 | C192: =H160 -> 2 | D192: =C192*$B$181 -> 208.2 | E192: =C192*$B$183 -> 100.83586 | F192: =SQRT(D192^2+E192^2) -> 231.33333 | G192: =C192*$B$185 -> 240 | H192: =F192/$B$72 -> 1.0515152 | I192: =G192/$B$72 -> 1.0909091 | J192: =C192*$B$68*$B$67*H105*$B$121/(B5*C5) -> 209.41472
A193: =A6 -> ESCRITÓRIO | B193: QDL5 | C193: =H161 -> 15 | D193: =C193*$B$181 -> 1561.5 | E193: =C193*$B$183 -> 756.26897 | F193: =SQRT(D193^2+E193^2) -> 1735 | G193: =C193*$B$185 -> 1800 | H193: =F193/$B$72 -> 7.8863636 | I193: =G193/$B$72 -> 8.1818182 | J193: =C193*$B$68*$B$67*H106*$B$121/(B6*C6) -> 785.66079
A195: RESUMO POR QDL
A196: QDL | B196: AMBIENTES | C196: LUMINÁRIAS | D196: P [W] | E196: Q [var] | F196: S ADOTADA [VA] | G196: I ADOTADA [A]
...
